BODY_DVH Dose (Gy),BODY_DVH Value (% of 7978.300 cc),BRAIN_DVH Dose (Gy),BRAIN_DVH Value (% of 1114.880 cc),BRSTEM_DVH Dose (Gy),BRSTEM_DVH Value (% of 31.500 cc),CTV_DVH Dose (Gy),CTV_DVH Value (% of 69.981 cc),GTV_DVH Dose (Gy),GTV_DVH Value (% of 8.438 cc),LensLeft_DVH Dose (Gy),LensLeft_DVH Value (% of 0.145 cc),LensRight_DVH Dose (Gy),LensRight_DVH Value (% of 0.141 cc),OpticChiasm_DVH Dose (Gy),OpticChiasm_DVH Value (% of 1.133 cc),OpticNerveLt_DVH Dose (Gy),OpticNerveLt_DVH Value (% of 1.727 cc),OpticNerveRt_DVH Dose (Gy),OpticNerveRt_DVH Value (% of 2.262 cc),OrbitLeft_DVH Dose (Gy),OrbitLeft_DVH Value (% of 8.504 cc),OrbitRight_DVH Dose (Gy),OrbitRight_DVH Value (% of 8.766 cc),PTV1_DVH Dose (Gy),PTV1_DVH Value (% of 126.957 cc),optBRAIN_DVH Dose (Gy),optBRAIN_DVH Value (% of 782.102 cc),optOptic_DVH Dose (Gy),optOptic_DVH Value (% of 22.305 cc)
0,100,0,100,0,100,0,100,0,100,0,100,0,100,0,100,0,100,0,100,0,100,0,100,0,100,0,100,0,100
0.1,45.61970848,0.1,100,0.1,100,0.1,100,0.1,100,0.1,100,0.1,100,0.1,100,0.1,100,0.1,100,0.1,100,0.1,100,0.1,100,0.1,100,0.1,100
0.3,39.31673957,0.3,100,0.3,100,0.3,100,0.3,100,0.3,100,0.3,100,0.3,100,0.3,100,0.3,100,0.3,100,0.3,100,0.3,100,0.3,100,0.3,100
0.5,35.65041343,0.5,100,0.5,100,0.5,100,0.5,100,0.5,100,0.5,100,0.5,100,0.5,100,0.5,100,0.5,100,0.5,100,0.5,100,0.5,100,0.5,100
0.7,32.19521071,0.7,99.5429098,0.7,100,0.7,100,0.7,100,0.7,100,0.7,75,0.7,100,0.7,100,0.7,100,0.7,100,0.7,90.520079,0.7,100,0.7,99.34828417,0.7,96.27087919
0.9,29.2831117,0.9,96.28323028,0.9,93.84643644,0.9,100,0.9,100,0.9,100,0.9,2.272727273,0.9,100,0.9,100,0.9,100,0.9,100,0.9,62.21198157,0.9,100,0.9,94.70065725,0.9,85.13531011
1.1,26.90584196,1.1,92.13240604,1.1,89.09808964,1.1,100,1.1,100,1.1,100,1.1,0,1.1,100,1.1,100,1.1,95.65217391,1.1,100,1.1,36.53719552,1.1,100,1.1,88.78244279,1.1,74.6342095
1.3,25.05716881,1.3,88.23057431,1.3,84.86407054,1.3,100,1.3,100,1.3,100,1.3,0,1.3,100,1.3,100,1.3,78.00511509,1.3,100,1.3,21.62606978,1.3,100,1.3,83.21924001,1.3,67.12417454
1.5,23.62006812,1.5,84.95018856,1.5,81.94342395,1.5,100,1.5,100,1.5,100,1.5,0,1.5,100,1.5,100,1.5,57.54475703,1.5,100,1.5,14.74654378,1.5,100,1.5,78.54209029,1.5,62.41098019
1.7,22.50821354,1.7,82.21437686,1.7,79.25238795,1.7,100,1.7,100,1.7,100,1.7,0,1.7,100,1.7,100,1.7,41.94373402,1.7,100,1.7,11.05990783,1.7,100,1.7,74.64139023,1.7,59.4069662
1.9,21.66819738,1.9,79.98509151,1.9,76.01947098,1.9,100,1.9,100,1.9,100,1.9,0,1.9,100,1.9,100,1.9,30.81841432,1.9,100,1.9,9.0520079,1.9,100,1.9,71.46289168,1.9,57.49061246
2.1,21.04940589,2.1,78.24964994,2.1,73.10800882,2.1,100,2.1,100,2.1,100,2.1,0,2.1,100,2.1,100,2.1,22.89002558,2.1,100,2.1,8.36076366,2.1,100,2.1,68.99478554,2.1,56.41590056
2.3,20.55924423,2.3,76.8874383,2.3,70.91293167,2.3,100,2.3,100,2.3,100,2.3,0,2.3,100,2.3,100,2.3,16.8797954,2.3,100,2.3,6.978275181,2.3,100,2.3,67.08096997,2.3,55.26349864
2.5,20.1804113,2.5,75.81278455,2.5,68.91991183,2.5,100,2.5,100,2.5,100,2.5,0,2.5,100,2.5,100,2.5,11.89258312,2.5,100,2.5,6.287030941,2.5,100,2.5,65.60298476,2.5,54.48659847
2.7,19.87293193,2.7,74.89058047,2.7,67.70756796,2.7,100,2.7,100,2.7,100,2.7,0,2.7,100,2.7,100,2.7,8.567774936,2.7,100,2.7,5.99078341,2.7,100,2.7,64.39070475,2.7,54.03340671
2.9,19.61302159,2.9,74.16275621,2.9,66.51359295,2.9,100,2.9,100,2.9,100,2.9,0,2.9,100,2.9,100,2.9,6.265984655,2.9,100,2.9,4.904542462,2.9,100,2.9,63.48878318,2.9,53.37304156
3.1,19.37220335,3.1,73.47763856,3.1,65.2277737,3.1,100,3.1,100,3.1,100,3.1,0,3.1,100,3.1,100,3.1,3.964194373,3.1,100,3.1,4.410796577,3.1,100,3.1,62.69535791,3.1,52.94574647
3.3,19.14478181,3.3,72.82254495,3.3,64.25422483,3.3,100,3.3,100,3.3,100,3.3,0,3.3,100,3.3,100,3.3,2.557544757,3.3,100,3.3,4.410796577,3.3,100,3.3,61.99935788,3.3,52.80331477
3.5,18.94863117,3.5,72.31446564,3.5,63.58376194,3.5,100,3.5,100,3.5,100,3.5,0,3.5,100,3.5,100,3.5,1.79028133,3.5,100,3.5,3.785385122,3.5,100,3.5,61.35317758,3.5,52.47960637
3.7,18.77264723,3.7,71.9088822,3.7,62.94085231,3.7,100,3.7,100,3.7,100,3.7,0,3.7,100,3.7,100,3.7,1.023017903,3.7,100,3.7,3.258722844,3.7,100,3.7,60.86974171,3.7,52.19474298
3.9,18.60207212,3.9,71.46550988,3.9,62.39897134,3.9,100,3.9,100,3.9,100,3.9,0,3.9,100,3.9,100,3.9,0.255754476,3.9,100,3.9,2.797893351,3.9,100,3.9,60.3468191,3.9,51.93577625
4.1,18.44983688,4.1,71.04180848,4.1,61.95811903,4.1,100,4.1,100,4.1,100,4.1,0,4.1,100,4.1,100,4.1,0,4.1,100,4.1,2.797893351,4.1,100,4.1,59.88072788,4.1,51.90987958
4.3,18.30193586,4.3,70.62794255,4.3,61.62747979,4.3,100,4.3,100,4.3,100,4.3,0,4.3,100,4.3,100,4.3,0,4.3,100,4.3,2.468729427,4.3,100,4.3,59.48290814,4.3,51.78039622
4.5,18.17620746,4.5,70.29043087,4.5,61.44379133,4.5,100,4.5,100,4.5,100,4.5,0,4.5,100,4.5,100,4.5,0,4.5,100,4.5,2.007899934,4.5,100,4.5,59.14930049,4.5,51.59911951
4.7,18.05560133,4.7,70.00856721,4.7,61.28765614,4.7,100,4.7,100,4.7,100,4.7,0,4.7,100,4.7,100,4.7,0,4.7,100,4.7,1.843317972,4.7,100,4.7,58.81274056,4.7,51.53437783
4.9,17.93954434,4.9,69.73938611,4.9,61.14070536,4.9,100,4.9,100,4.9,100,4.9,0,4.9,100,4.9,100,4.9,0,4.9,100,4.9,1.579986833,4.9,100,4.9,58.50090598,4.9,51.43079114
5.1,17.81707556,5.1,69.46865205,5.1,60.9570169,5.1,100,5.1,100,5.1,93.33333333,5.1,0,5.1,100,5.1,100,5.1,0,5.1,99.82993197,5.1,1.579986833,5.1,100,5.1,58.18944043,5.1,51.36604946
5.3,17.68468463,5.3,69.19662385,5.3,60.73659074,5.3,100,5.3,100,5.3,80,5.3,0,5.3,100,5.3,100,5.3,0,5.3,98.57142857,5.3,1.25082291,5.3,100,5.3,57.889784,5.3,50.75747766
5.5,17.53750002,5.5,68.91708963,5.5,60.57127112,5.5,100,5.5,100,5.5,42.22222222,5.5,0,5.5,100,5.5,100,5.5,0,5.5,94.48979592,5.5,0.987491771,5.5,100,5.5,57.58200881,5.5,49.10009064
5.7,17.37244119,5.7,68.64117901,5.7,60.34166054,5.7,100,5.7,100,5.7,11.11111111,5.7,0,5.7,100,5.7,100,5.7,0,5.7,88.57142857,5.7,0.822909809,5.7,100,5.7,57.24471081,5.7,46.78233847
5.9,17.17947855,5.9,68.36733902,5.9,60.12123439,5.9,100,5.9,100,5.9,0,5.9,0,5.9,100,5.9,100,5.9,0,5.9,80.78231293,5.9,0.625411455,5.9,100,5.9,56.91626965,5.9,43.73947948
6.1,16.96137022,6.1,68.07382809,6.1,59.808964,6.1,100,6.1,100,6.1,0,6.1,0,6.1,100,6.1,100,6.1,0,6.1,71.29251701,6.1,0.625411455,6.1,100,6.1,56.55535341,6.1,40.12689369
6.3,16.73373375,6.3,67.77203467,6.3,59.54261572,6.3,100,6.3,100,6.3,0,6.3,0,6.3,100,6.3,100,6.3,0,6.3,60.34013605,6.3,0.329163924,6.3,100,6.3,56.18594936,6.3,35.8280461
6.5,16.50767337,6.5,67.49793585,6.5,59.23034533,6.5,100,6.5,100,6.5,0,6.5,0,6.5,100,6.5,99.01315789,6.5,0,6.5,48.36734694,6.5,0.329163924,6.5,100,6.5,55.86156759,6.5,31.21843843
6.7,16.2732311,6.7,67.21503687,6.7,58.83541514,6.7,100,6.7,100,6.7,0,6.7,0,6.7,100,6.7,95.55921053,6.7,0,6.7,37.4829932,6.7,0.230414747,6.7,100,6.7,55.53128125,6.7,26.88074582
6.9,16.03162481,6.9,66.93472617,6.9,58.59662013,6.9,100,6.9,100,6.9,0,6.9,0,6.9,100,6.9,89.30921053,6.9,0,6.9,29.11564626,6.9,0.098749177,6.9,100,6.9,55.23383903,6.9,23.24226337
7.1,15.78220975,7.1,66.57210818,7.1,58.20168993,7.1,100,7.1,100,7.1,0,7.1,0,7.1,100,7.1,81.08552632,7.1,0,7.1,22.68707483,7.1,0,7.1,100,7.1,54.79948483,7.1,20.1735077
7.3,15.52817391,7.3,66.17273661,7.3,57.7516532,7.3,100,7.3,100,7.3,0,7.3,0,7.3,100,7.3,72.20394737,7.3,0,7.3,17.14285714,7.3,0,7.3,100,7.3,54.28099064,7.3,17.36371876
7.5,15.26718897,7.5,65.7627531,7.5,57.32916973,7.5,100,7.5,100,7.5,0,7.5,0,7.5,99.49748744,7.5,64.14473684,7.5,0,7.5,11.59863946,7.5,0,7.5,100,7.5,53.7082483,7.5,14.59277483
7.7,15.01823957,7.7,65.30902766,7.7,56.90668626,7.7,100,7.7,100,7.7,0,7.7,0,7.7,99.49748744,7.7,55.75657895,7.7,0,7.7,7.414965986,7.7,0,7.7,100,7.7,53.07535326,7.7,12.33976434
7.9,14.77118864,7.9,64.84805504,7.9,56.62196914,7.9,100,7.9,100,7.9,0,7.9,0,7.9,99.49748744,7.9,48.19078947,7.9,0,7.9,3.911564626,7.9,0,7.9,100,7.9,52.43618462,7.9,10.41046226
8.1,14.52077062,8.1,64.34204635,8.1,56.36480529,8.1,100,8.1,100,8.1,0,8.1,0,8.1,98.99497487,8.1,40.29605263,8.1,0,8.1,1.360544218,8.1,0,8.1,100,8.1,51.73538714,8.1,8.791920238
8.3,14.2690989,8.3,63.8096372,8.3,56.09845702,8.3,100,8.3,100,8.3,0,8.3,0,8.3,98.99497487,8.3,33.05921053,8.3,0,8.3,0.102040816,8.3,0,8.3,100,8.3,51.00100747,8.3,7.743105011
8.5,14.02090172,8.5,63.23245082,8.5,55.85047759,8.5,100,8.5,100,8.5,0,8.5,0,8.5,98.74371859,8.5,26.64473684,8.5,0,8.5,0,8.5,0,8.5,100,8.5,50.20462991,8.5,7.186326557
8.7,13.76822704,8.7,62.59418103,8.7,55.60249816,8.7,100,8.7,100,8.7,0,8.7,0,8.7,97.73869347,8.7,20.88815789,8.7,0,8.7,0,8.7,0,8.7,100,8.7,49.32595755,8.7,6.681341448
8.9,13.51995822,8.9,61.91216931,8.9,55.36370316,8.9,100,8.9,100,8.9,0,8.9,0,8.9,97.73869347,8.9,15.78947368,8.9,0,8.9,0,8.9,0,8.9,100,8.9,48.38048986,8.9,6.279943027
9.1,13.27269236,9.1,61.17140365,9.1,55.17083027,9.1,100,9.1,100,9.1,0,9.1,0,9.1,97.48743719,9.1,12.00657895,9.1,0,9.1,0,9.1,0,9.1,100,9.1,47.35309639,9.1,5.96918296
9.3,13.02807719,9.3,60.37395466,9.3,54.88611315,9.3,100,9.3,100,9.3,0,9.3,0,9.3,96.23115578,9.3,8.223684211,9.3,0,9.3,0,9.3,0,9.3,100,9.3,46.24488425,9.3,5.606629548
9.5,12.78736641,9.5,59.53431671,9.5,54.67487142,9.5,100,9.5,100,9.5,0,9.5,0,9.5,95.9798995,9.5,5.592105263,9.5,0,9.5,0,9.5,0,9.5,100,9.5,45.07393616,9.5,5.386507834
9.7,12.54966451,9.7,58.67112541,9.7,54.42689199,9.7,100,9.7,100,9.7,0,9.7,0,9.7,95.47738693,9.7,3.289473684,9.7,0,9.7,0,9.7,0,9.7,100,9.7,43.87346528,9.7,5.179334456
9.9,12.31833858,9.9,57.80896942,9.9,54.17891256,9.9,100,9.9,100,9.9,0,9.9,0,9.9,94.72361809,9.9,1.644736842,9.9,0,9.9,0,9.9,0,9.9,100,9.9,42.67299439,9.9,5.011006086
10.1,12.09159762,10.1,56.94655461,10.1,53.94930198,10.1,100,10.1,100,10.1,0,10.1,0,10.1,93.96984925,10.1,0.822368421,10.1,0,10.1,0,10.1,0,10.1,100,10.1,41.47621385,10.1,4.907419397
10.3,11.86901178,10.3,56.08025738,10.3,53.67376929,10.3,100,10.3,100,10.3,0,10.3,0,10.3,93.96984925,10.3,0.493421053,10.3,0,10.3,0,10.3,0,10.3,100,10.3,40.27611199,10.3,4.881522724
10.5,11.65373324,10.5,55.22638389,10.5,53.3247612,10.5,100,10.5,100,10.5,0,10.5,0,10.5,93.2160804,10.5,0,10.5,0,10.5,0,10.5,0,10.5,100,10.5,39.09040251,10.5,4.803832707
10.7,11.44447246,10.7,54.38415766,10.7,53.07678178,10.7,100,10.7,100,10.7,0,10.7,0,10.7,92.21105528,10.7,0,10.7,0,10.7,0,10.7,0,10.7,100,10.7,37.92794222,10.7,4.752039363
10.9,11.24251898,10.9,53.57816734,10.9,52.80124908,10.9,100,10.9,100,10.9,0,10.9,0,10.9,91.70854271,10.9,0,10.9,0,10.9,0,10.9,0,10.9,100,10.9,36.80902807,10.9,4.726142691
11.1,11.05070257,11.1,52.80297756,11.1,52.53490081,11.1,100,11.1,100,11.1,0,11.1,0,11.1,91.45728643,11.1,0,11.1,0,11.1,0,11.1,0,11.1,100,11.1,35.7373504,11.1,4.713194355
11.3,10.86816356,11.3,52.0604001,11.3,52.19507715,11.3,100,11.3,100,11.3,0,11.3,0,11.3,90.45226131,11.3,0,11.3,0,11.3,0,11.3,0,11.3,100,11.3,34.7095879,11.3,4.66140101
11.5,10.69275274,11.5,51.35509386,11.5,51.87362234,11.5,100,11.5,100,11.5,0,11.5,0,11.5,88.44221106,11.5,0,11.5,0,11.5,0,11.5,0,11.5,100,11.5,33.73718065,11.5,4.557814321
11.7,10.53120428,11.7,50.69870612,11.7,51.47869214,11.7,100,11.7,100,11.7,0,11.7,0,11.7,85.92964824,11.7,0,11.7,0,11.7,0,11.7,0,11.7,100,11.7,32.84005654,11.7,4.428330959
11.9,10.38384057,11.9,50.12721395,11.9,51.23989713,11.9,100,11.9,100,11.9,0,11.9,0,11.9,82.16080402,11.9,0,11.9,0,11.9,0,11.9,0,11.9,100,11.9,32.05807135,11.9,4.234105917
12.1,10.24023796,12.1,49.55572178,12.1,50.88170463,12.1,100,12.1,100,12.1,0,12.1,0,12.1,75.37688442,12.1,0,12.1,0,12.1,0,12.1,0,12.1,100,12.1,31.28235976,12.1,3.884500842
12.3,10.10741719,12.3,49.04324239,12.3,50.52351212,12.3,100,12.3,100,12.3,0,12.3,0,12.3,69.84924623,12.3,0,12.3,0,12.3,0,12.3,0,12.3,100,12.3,30.58968104,12.3,3.599637447
12.5,9.982226088,12.5,48.56441064,12.5,50.1193975,12.5,100,12.5,100,12.5,0,12.5,0,12.5,65.07537688,12.5,0,12.5,0,12.5,0,12.5,0,12.5,100,12.5,29.94423881,12.5,3.35361906
12.7,9.863876618,12.7,48.12052066,12.7,49.75202057,12.7,100,12.7,100,12.7,0,12.7,0,12.7,59.04522613,12.7,0,12.7,0,12.7,0,12.7,0,12.7,100,12.7,29.34824727,12.7,3.042858993
12.9,9.751365819,12.9,47.6916427,12.9,49.39382807,12.9,100,12.9,100,12.9,0,12.9,0,12.9,51.75879397,12.9,0,12.9,0,12.9,0,12.9,0,12.9,100,12.9,28.77735011,12.9,2.667357245
13.1,9.646807072,13.1,47.29175348,13.1,49.06318883,13.1,100,13.1,100,13.1,0,13.1,0,13.1,47.73869347,13.1,0,13.1,0,13.1,0,13.1,0,13.1,100,13.1,28.24483259,13.1,2.460183866
13.3,9.544433348,13.3,46.90480566,13.3,48.61315209,13.3,100,13.3,100,13.3,0,13.3,0,13.3,42.46231156,13.3,0,13.3,0,13.3,0,13.3,0,13.3,100,13.3,27.7348262,13.3,2.188268807
13.5,9.450190778,13.5,46.54917602,13.5,48.2182219,13.5,100,13.5,100,13.5,0,13.5,0,13.5,37.18592965,13.5,0,13.5,0,13.5,0,13.5,0,13.5,100,13.5,27.26615174,13.5,1.916353749
13.7,9.361177935,13.7,46.22693519,13.7,47.88758266,13.7,100,13.7,100,13.7,0,13.7,0,13.7,32.91457286,13.7,0,13.7,0,13.7,0,13.7,0,13.7,100,13.7,26.84213051,13.7,1.696232034
13.9,9.274529217,13.9,45.91530631,13.9,47.33651727,13.9,100,13.9,100,13.9,0,13.9,0,13.9,29.39698492,13.9,0,13.9,0,13.9,0,13.9,0,13.9,100,13.9,26.42918034,13.9,1.514955328
14.1,9.19518779,14.1,45.63887803,14.1,46.99669361,14.1,100,14.1,100,14.1,0,14.1,0,14.1,25.37688442,14.1,0,14.1,0,14.1,0,14.1,0,14.1,100,14.1,26.06752603,14.1,1.30778195
14.3,9.115989644,14.3,45.3572732,14.3,46.5191036,14.3,100,14.3,100,14.3,0,14.3,0,14.3,22.61306533,14.3,0,14.3,0,14.3,0,14.3,0,14.3,100,14.3,25.70328847,14.3,1.165350252
14.5,9.042415246,14.5,45.08032726,14.5,45.93130051,14.5,100,14.5,100,14.5,0,14.5,0,14.5,20.35175879,14.5,0,14.5,0,14.5,0,14.5,0,14.5,100,14.5,25.35159811,14.5,1.048815227
14.7,8.969413969,14.7,44.81761687,14.7,45.42615724,14.7,100,14.7,100,14.7,0,14.7,0,14.7,17.33668342,14.7,0,14.7,0,14.7,0,14.7,0,14.7,100,14.7,25.01651432,14.7,0.893435194
14.9,8.90096184,14.9,44.56784787,14.9,44.9761205,14.9,100,14.9,100,14.9,0,14.9,0,14.9,15.32663317,14.9,0,14.9,0,14.9,0,14.9,0,14.9,100,14.9,24.69914421,14.9,0.789848504
15.1,8.832796271,15.1,44.32454957,15.1,44.38831741,15.1,100,15.1,100,15.1,0,15.1,0,15.1,13.81909548,15.1,0,15.1,0,15.1,0,15.1,0,15.1,100,15.1,24.39173804,15.1,0.712158488
15.3,8.766959006,15.3,44.07762769,15.3,43.72703894,15.3,100,15.3,100,15.3,0,15.3,0,15.3,12.31155779,15.3,0,15.3,0,15.3,0,15.3,0,15.3,100,15.3,24.07842732,15.3,0.634468471
15.5,8.701372481,15.5,43.83640001,15.5,43.08412932,15.5,100,15.5,100,15.5,0,15.5,0,15.5,10.30150754,15.5,0,15.5,0,15.5,0,15.5,0,15.5,100,15.5,23.77729475,15.5,0.530881782
15.7,8.636717278,15.7,43.60086656,15.7,42.26671565,15.7,100,15.7,100,15.7,0,15.7,0,15.7,9.296482412,15.7,0,15.7,0,15.7,0,15.7,0,15.7,100,15.7,23.48612613,15.7,0.479088437
15.9,8.574462018,15.9,43.3635213,15.9,41.60543718,15.9,100,15.9,100,15.9,0,15.9,0,15.9,8.291457286,15.9,0,15.9,0,15.9,0,15.9,0,15.9,100,15.9,23.19532654,15.9,0.427295093
16.1,8.514176862,16.1,43.13859979,16.1,40.89823659,16.1,100,16.1,100,16.1,0,16.1,0,16.1,7.788944724,16.1,0,16.1,0,16.1,0,16.1,0,16.1,100,16.1,22.92519291,16.1,0.40139842
16.3,8.452351443,16.3,42.90901938,16.3,40.20022043,16.3,100,16.3,100,16.3,0,16.3,0,16.3,6.532663317,16.3,0,16.3,0,16.3,0,16.3,0,16.3,100,16.3,22.64915473,16.3,0.33665674
16.5,8.39367819,16.5,42.68487435,16.5,39.57567965,16.5,100,16.5,100,16.5,0,16.5,0,16.5,5.778894472,16.5,0,16.5,0,16.5,0,16.5,0,16.5,100,16.5,22.37828303,16.5,0.297811731
16.7,8.334145255,16.7,42.45710573,16.7,39.01542983,16.7,100,16.7,100,16.7,0,16.7,0,16.7,5.025125628,16.7,0,16.7,0,16.7,0,16.7,0,16.7,100,16.7,22.10593519,16.7,0.258966723
16.9,8.276045122,16.9,42.24564328,16.9,38.4092579,16.9,100,16.9,100,16.9,0,16.9,0,16.9,4.271356784,16.9,0,16.9,0,16.9,0,16.9,0,16.9,100,16.9,21.8446584,16.9,0.220121714
17.1,8.219341971,17.1,42.04815753,17.1,37.87656135,17.1,100,17.1,100,17.1,0,17.1,0,17.1,4.271356784,17.1,0,17.1,0,17.1,0,17.1,0,17.1,100,17.1,21.59592881,17.1,0.220121714
17.3,8.163462682,17.3,41.85429538,17.3,37.30712711,17.3,100,17.3,100,17.3,0,17.3,0,17.3,3.768844221,17.3,0,17.3,0,17.3,0,17.3,0,17.3,100,17.3,21.34166368,17.3,0.194225042
17.5,8.104037207,17.5,41.65085659,17.5,36.7468773,17.5,100,17.5,100,17.5,0,17.5,0,17.5,3.51758794,17.5,0,17.5,0,17.5,0,17.5,0,17.5,100,17.5,21.07854172,17.5,0.181276706
17.7,8.048551938,17.7,41.46450045,17.7,36.21418075,17.7,100,17.7,100,17.7,0,17.7,0,17.7,2.763819095,17.7,0,17.7,0,17.7,0,17.7,0,17.7,100,17.7,20.83645475,17.7,0.142431698
17.9,7.990308525,17.9,41.25924986,17.9,35.72740632,17.9,100,17.9,100,17.9,0,17.9,0,17.9,2.261306533,17.9,0,17.9,0,17.9,0,17.9,0,17.9,100,17.9,20.57370183,17.9,0.116535025
18.1,7.931384531,18.1,41.07185841,18.1,35.29573843,18.1,100,18.1,100,18.1,0,18.1,0,18.1,2.261306533,18.1,0,18.1,0,18.1,0,18.1,0,18.1,100,18.1,20.33235293,18.1,0.116535025
18.3,7.872997838,18.3,40.86427837,18.3,34.83651727,18.3,100,18.3,100,18.3,0,18.3,0,18.3,1.75879397,18.3,0,18.3,0,18.3,0,18.3,0,18.3,100,18.3,20.07292132,18.3,0.090638353
18.5,7.814360404,18.5,40.67352216,18.5,34.36811168,18.5,100,18.5,100,18.5,0,18.5,0,18.5,1.75879397,18.5,0,18.5,0,18.5,0,18.5,0,18.5,100,18.5,19.8334176,18.5,0.090638353
18.7,7.754218528,18.7,40.47111868,18.7,33.90889052,18.7,100,18.7,100,18.7,0,18.7,0,18.7,1.256281407,18.7,0,18.7,0,18.7,0,18.7,0,18.7,100,18.7,19.57546212,18.7,0.064741681
18.9,7.693825912,18.9,40.26897403,18.9,33.41293167,18.9,100,18.9,100,18.9,0,18.9,0,18.9,1.005025126,18.9,0,18.9,0,18.9,0,18.9,0,18.9,100,18.9,19.31750665,18.9,0.051793345
19.1,7.635116838,19.1,40.06864118,19.1,32.98126378,19.1,100,19.1,100,19.1,0,19.1,0,19.1,0.753768844,19.1,0,19.1,0,19.1,0,19.1,0,19.1,100,19.1,19.06324153,19.1,0.038845008
19.3,7.574258561,19.3,39.86856715,19.3,32.63225569,19.3,100,19.3,100,19.3,0,19.3,0,19.3,0.753768844,19.3,0,19.3,0,19.3,0,19.3,0,19.3,100,19.3,18.80971448,19.3,0.038845008
19.5,7.510821239,19.5,39.6571047,19.5,32.15466569,19.5,100,19.5,100,19.5,0,19.5,0,19.5,0.502512563,19.5,0,19.5,0,19.5,0,19.5,0,19.5,100,19.5,18.54290217,19.5,0.025896672
19.7,7.445592915,19.7,39.45107763,19.7,31.66789126,19.7,100,19.7,100,19.7,0,19.7,0,19.7,0,19.7,0,19.7,0,19.7,0,19.7,0,19.7,100,19.7,18.28457766,19.7,0
19.9,7.377570626,19.9,39.22770909,19.9,31.30969875,19.9,100,19.9,100,19.9,0,19.9,0,19.9,0,19.9,0,19.9,0,19.9,0,19.9,0,19.9,100,19.9,18.00189684,19.9,0
20.1,7.308043895,20.1,38.9983875,20.1,30.89639971,20.1,100,20.1,100,20.1,0,20.1,0,20.1,0,20.1,0,20.1,0,20.1,0,20.1,0,20.1,100,20.1,17.71294243,20.1,0
20.3,7.238588804,20.3,38.75638334,20.3,30.51065393,20.3,100,20.3,100,20.3,0,20.3,0,20.3,0,20.3,0,20.3,0,20.3,0,20.3,0,20.3,100,20.3,17.40406012,20.3,0
20.5,7.167629271,20.5,38.49237881,20.5,30.08817046,20.5,100,20.5,100,20.5,0,20.5,0,20.5,0,20.5,0,20.5,0,20.5,0,20.5,0,20.5,100,20.5,17.06528598,20.5,0
20.7,7.094986195,20.7,38.22060944,20.7,29.64731815,20.7,100,20.7,100,20.7,0,20.7,0,20.7,0,20.7,0,20.7,0,20.7,0,20.7,0,20.7,100,20.7,16.71470272,20.7,0
20.9,7.023525181,20.9,37.9436635,20.9,29.29831007,20.9,100,20.9,100,20.9,0,20.9,0,20.9,0,20.9,0,20.9,0,20.9,0,20.9,0,20.9,100,20.9,16.35969104,20.9,0
21.1,6.951311945,21.1,37.65662328,21.1,28.89419544,21.1,100,21.1,100,21.1,0,21.1,0,21.1,0,21.1,0,21.1,0,21.1,0,21.1,0,21.1,100,21.1,15.98991796,21.1,0
21.3,6.876018185,21.3,37.35690048,21.3,28.43497428,21.3,100,21.3,100,21.3,0,21.3,0,21.3,0,21.3,0,21.3,0,21.3,0,21.3,0,21.3,100,21.3,15.60649059,21.3,0
21.5,6.802945268,21.5,37.06106011,21.5,28.06759735,21.5,100,21.5,100,21.5,0,21.5,0,21.5,0,21.5,0,21.5,0,21.5,0,21.5,0,21.5,100,21.5,15.22047997,21.5,0
21.7,6.731054413,21.7,36.74063107,21.7,27.65429831,21.7,100,21.7,100,21.7,0,21.7,0,21.7,0,21.7,0,21.7,0,21.7,0,21.7,0,21.7,100,21.7,14.80162523,21.7,0
21.9,6.656691975,21.9,36.39794284,21.9,27.27773696,21.9,100,21.9,100,21.9,0,21.9,0,21.9,0,21.9,0,21.9,0,21.9,0,21.9,0,21.9,100,21.9,14.3617355,21.9,0
22.1,6.583010117,22.1,36.051631,22.1,26.8185158,22.1,100,22.1,100,22.1,0,22.1,0,22.1,0,22.1,0,22.1,0,22.1,0,22.1,0,22.1,100,22.1,13.91520314,22.1,0
22.3,6.512766985,22.3,35.70687214,22.3,26.35929464,22.3,100,22.3,100,22.3,0,22.3,0,22.3,0,22.3,0,22.3,0,22.3,0,22.3,0,22.3,100,22.3,13.46719463,22.3,0
22.5,6.44076867,22.5,35.35926617,22.5,25.87252021,22.5,100,22.5,100,22.5,0,22.5,0,22.5,0,22.5,0,22.5,0,22.5,0,22.5,0,22.5,100,22.5,13.01438868,22.5,0
22.7,6.368734535,22.7,34.99794232,22.7,25.42248347,22.7,100,22.7,100,22.7,0,22.7,0,22.7,0,22.7,0,22.7,0,22.7,0,22.7,0,22.7,100,22.7,12.54866649,22.7,0
22.9,6.300533146,22.9,34.64671276,22.9,25.07347539,22.9,100,22.9,100,22.9,0,22.9,0,22.9,0,22.9,0,22.9,0,22.9,0,22.9,0,22.9,100,22.9,12.09327729,22.9,0
23.1,6.232116836,23.1,34.27632992,23.1,24.54077884,23.1,100,23.1,100,23.1,0,23.1,0,23.1,0,23.1,0,23.1,0,23.1,0,23.1,0,23.1,100,23.1,11.61205564,23.1,0
23.3,6.165097509,23.3,33.92070028,23.3,24.0907421,23.3,100,23.3,100,23.3,0,23.3,0,23.3,0,23.3,0,23.3,0,23.3,0,23.3,0,23.3,100,23.3,11.15223801,23.3,0
23.5,6.099940825,23.5,33.57102369,23.5,23.59478325,23.5,100,23.5,100,23.5,0,23.5,0,23.5,0,23.5,0,23.5,0,23.5,0,23.5,0,23.5,100,23.5,10.70312241,23.5,0
23.7,6.035321442,23.7,33.23118256,23.7,23.10800882,23.7,100,23.7,100,23.7,0,23.7,0,23.7,0,23.7,0,23.7,0,23.7,0,23.7,0,23.7,100,23.7,10.26212557,23.7,0
23.9,5.972457242,23.9,32.89185908,23.9,22.56612785,23.9,100,23.9,100,23.9,0,23.9,0,23.9,0,23.9,0,23.9,0,23.9,0,23.9,0,23.9,100,23.9,9.825557151,23.9,0
24.1,5.910846743,24.1,32.56651232,24.1,22.08853784,24.1,100,24.1,100,24.1,0,24.1,0,24.1,0,24.1,0,24.1,0,24.1,0,24.1,0,24.1,100,24.1,9.421463814,24.1,0
24.3,5.850167566,24.3,32.24297735,24.3,21.5191036,24.3,100,24.3,100,24.3,0,24.3,0,24.3,0,24.3,0,24.3,0,24.3,0,24.3,0,24.3,100,24.3,9.013311093,24.3,0
24.5,5.791709233,24.5,31.92643074,24.5,20.8853784,24.5,100,24.5,100,24.5,0,24.5,0,24.5,0,24.5,0,24.5,0,24.5,0,24.5,0,24.5,100,24.5,8.618812667,24.5,0
24.7,5.735901584,24.7,31.63084919,24.7,20.33431301,24.7,100,24.7,100,24.7,0,24.7,0,24.7,0,24.7,0,24.7,0,24.7,0,24.7,0,24.7,100,24.7,8.257896427,24.7,0
24.9,5.680810336,24.9,31.33500881,24.9,19.8199853,24.9,100,24.9,100,24.9,0,24.9,0,24.9,0,24.9,0,24.9,0,24.9,0,24.9,0,24.9,100,24.9,7.893289836,24.9,0
25.1,5.626399669,25.1,31.04512148,25.1,19.23218222,25.1,100,25.1,100,25.1,0,25.1,0,25.1,0,25.1,0,25.1,0,25.1,0,25.1,0,25.1,100,25.1,7.540861402,25.1,0
25.3,5.573457624,25.3,30.76636375,25.3,18.54335048,25.3,100,25.3,100,25.3,0,25.3,0,25.3,0,25.3,0,25.3,0,25.3,0,25.3,0,25.3,100,25.3,7.212051207,25.3,0
25.5,5.522593143,25.5,30.50727695,25.5,18.01065393,25.5,100,25.5,100,25.5,0,25.5,0,25.5,0,25.5,0,25.5,0,25.5,0,25.5,0,25.5,100,25.5,6.907597324,25.5,0
25.7,5.474164425,25.7,30.2681199,25.7,17.48714181,25.7,100,25.7,100,25.7,0,25.7,0,25.7,0,25.7,0,25.7,0,25.7,0,25.7,0,25.7,100,25.7,6.640415976,25.7,0
25.9,5.42706105,25.9,30.02300981,25.9,16.81667891,25.9,100,25.9,100,25.9,0,25.9,0,25.9,0,25.9,0,25.9,0,25.9,0,25.9,0,25.9,100,25.9,6.365853929,25.9,0
26.1,5.382285979,26.1,29.78902932,26.1,16.30235121,26.1,100,26.1,100,26.1,0,26.1,0,26.1,0,26.1,0,26.1,0,26.1,0,26.1,0,26.1,100,26.1,6.105684246,26.1,0
26.3,5.340483972,26.3,29.57471975,26.3,15.92578986,26.3,100,26.3,100,26.3,0,26.3,0,26.3,0,26.3,0,26.3,0,26.3,0,26.3,0,26.3,100,26.3,5.880203855,26.3,0
26.5,5.297499903,26.5,29.35937488,26.5,15.27369581,26.5,100,26.5,100,26.5,0,26.5,0,26.5,0,26.5,0,26.5,0,26.5,0,26.5,0,26.5,100,26.5,5.656568639,26.5,0
26.7,5.255160596,26.7,29.14661828,26.7,14.78692138,26.7,100,26.7,100,26.7,0,26.7,0,26.7,0,26.7,0,26.7,0,26.7,0,26.7,0,26.7,100,26.7,5.440683158,26.7,0
26.9,5.214576471,26.9,28.94266184,26.9,14.24504041,26.9,100,26.9,100,26.9,0,26.9,0,26.9,0,26.9,0,26.9,0,26.9,0,26.9,0,26.9,100,26.9,5.245094602,26.9,0
27.1,5.177753452,27.1,28.76044694,27.1,13.93277002,27.1,100,27.1,100,27.1,0,27.1,0,27.1,0,27.1,0,27.1,0,27.1,0,27.1,0,27.1,100,27.1,5.066112622,27.1,0
27.3,5.13917525,27.3,28.56813776,27.3,13.53783982,27.3,100,27.3,100,27.3,0,27.3,0,27.3,0,27.3,0,27.3,0,27.3,0,27.3,0,27.3,100,27.3,4.897463622,27.3,0
27.5,5.10152837,27.5,28.38566404,27.5,13.18883174,27.5,100,27.5,100,27.5,0,27.5,0,27.5,0,27.5,0,27.5,0,27.5,0,27.5,0,27.5,100,27.5,4.726969448,27.5,0
27.7,5.066639634,27.7,28.22104944,27.7,12.83982366,27.7,100,27.7,100,27.7,0,27.7,0,27.7,0,27.7,0,27.7,0,27.7,0,27.7,0,27.7,100,27.7,4.585260004,27.7,0
27.9,5.032932961,27.9,28.05772899,27.9,12.40815577,27.9,100,27.9,100,27.9,0,27.9,0,27.9,0,27.9,0,27.9,0,27.9,0,27.9,0,27.9,100,27.9,4.438753105,27.9,0
28.1,4.997900945,28.1,27.89596151,28.1,12.06833211,28.1,100,28.1,100,28.1,0,28.1,0,28.1,0,28.1,0,28.1,0,28.1,0,28.1,0,28.1,100,28.1,4.299626906,28.1,0
28.3,4.965376333,28.3,27.743253,28.3,11.75606172,28.3,100,28.3,100,28.3,0,28.3,0,28.3,0,28.3,0,28.3,0,28.3,0,28.3,0,28.3,100,28.3,4.175631142,28.3,0
28.5,4.930630877,28.5,27.58847387,28.5,11.49889787,28.5,100,28.5,100,28.5,0,28.5,0,28.5,0,28.5,0,28.5,0,28.5,0,28.5,0,28.5,100,28.5,4.054218624,28.5,0
28.7,4.899861448,28.7,27.44378903,28.7,11.21418075,28.7,100,28.7,100,28.7,0,28.7,0,28.7,0,28.7,0,28.7,0,28.7,0,28.7,0,28.7,100,28.7,3.937972595,28.7,0
28.9,4.868053237,28.9,27.308422,28.9,10.92946363,28.9,100,28.9,100,28.9,0,28.9,0,28.9,0,28.9,0,28.9,0,28.9,0,28.9,0,28.9,100,28.9,3.832797618,28.9,0
29.1,4.835600265,29.1,27.15804295,29.1,10.61719324,29.1,100,29.1,100,29.1,0,29.1,0,29.1,0,29.1,0,29.1,0,29.1,0,29.1,0,29.1,100,29.1,3.718396764,29.1,0
29.3,4.805797978,29.3,27.02629951,29.3,10.36921381,29.3,100,29.3,100,29.3,0,29.3,0,29.3,0,29.3,0,29.3,0,29.3,0,29.3,0,29.3,100,29.3,3.616912136,29.3,0
29.5,4.775386749,29.5,26.88420295,29.5,10.18552535,29.5,100,29.5,100,29.5,0,29.5,0,29.5,0,29.5,0,29.5,0,29.5,0,29.5,0,29.5,100,29.5,3.515427509,29.5,0
29.7,4.743363618,29.7,26.73951811,29.7,9.87325496,29.7,100,29.7,100,29.7,0,29.7,0,29.7,0,29.7,0,29.7,0,29.7,0,29.7,0,29.7,100,29.7,3.421692616,29.7,0
29.9,4.715209053,29.9,26.61269241,29.9,9.58853784,29.9,100,29.9,100,29.9,0,29.9,0,29.9,0,29.9,0,29.9,0,29.9,0,29.9,0,29.9,100,29.9,3.330540968,29.9,0
30.1,4.685800786,30.1,26.48431373,30.1,9.358927259,30.1,100,30.1,100,30.1,0,30.1,0,30.1,0,30.1,0,30.1,0,30.1,0,30.1,0,30.1,100,30.1,3.244186776,30.1,0
30.3,4.65703728,30.3,26.35593505,30.3,9.147685525,30.3,100,30.3,100,30.3,0,30.3,0,30.3,0,30.3,0,30.3,0,30.3,0,30.3,0,30.3,100,30.3,3.154880303,30.3,0
30.5,4.628166314,30.5,26.23117997,30.5,8.918074945,30.5,100,30.5,100,30.5,0,30.5,0,30.5,0,30.5,0,30.5,0,30.5,0,30.5,0,30.5,100,30.5,3.071109356,30.5,0
30.7,4.599581908,30.7,26.11108379,30.7,8.752755327,30.7,100,30.7,100,30.7,0,30.7,0,30.7,0,30.7,0,30.7,0,30.7,0,30.7,0,30.7,100,30.7,2.988814549,30.7,0
30.9,4.570782582,30.9,25.98606988,30.9,8.587435709,30.9,100,30.9,100,30.9,0,30.9,0,30.9,0,30.9,0,30.9,0,30.9,0,30.9,0,30.9,100,30.9,2.907626847,30.9,0
31.1,4.541195215,31.1,25.84889105,31.1,8.357825129,31.1,100,31.1,100,31.1,0,31.1,0,31.1,0,31.1,0,31.1,0,31.1,0,31.1,0,31.1,100,31.1,2.823486864,31.1,0
31.3,4.512001868,31.3,25.72413597,31.3,8.119030125,31.3,100,31.3,100,31.3,0,31.3,0,31.3,0,31.3,0,31.3,0,31.3,0,31.3,0,31.3,100,31.3,2.750417932,31.3,0
31.5,4.483130902,31.5,25.60196916,31.5,7.898603968,31.5,100,31.5,100,31.5,0,31.5,0,31.5,0,31.5,0,31.5,0,31.5,0,31.5,0,31.5,100,31.5,2.675503825,31.5,0
31.7,4.455083797,31.7,25.47954353,31.7,7.67817781,31.7,100,31.7,100,31.7,0,31.7,0,31.7,0,31.7,0,31.7,0,31.7,0,31.7,0,31.7,100,31.7,2.603541998,31.7,0
31.9,4.42567553,31.9,25.3553061,31.9,7.512858193,31.9,100,31.9,100,31.9,0,31.9,0,31.9,0,31.9,0,31.9,0,31.9,0,31.9,0,31.9,100,31.9,2.527889821,31.9,0
32.1,4.395407582,32.1,25.22537446,32.1,7.338354151,32.1,100,32.1,100,32.1,0,32.1,0,32.1,0,32.1,0,32.1,0,32.1,0,32.1,0,32.1,100,32.1,2.455927994,32.1,0
32.3,4.366035135,32.3,25.0962193,32.3,7.237325496,32.3,100,32.3,100,32.3,0,32.3,0,32.3,0,32.3,0,32.3,0,32.3,0,32.3,0,32.3,100,32.3,2.381751957,32.3,0
32.5,4.336555228,32.5,24.97068773,32.5,7.145481264,32.5,100,32.5,100,32.5,0,32.5,0,32.5,0,32.5,0,32.5,0,32.5,0,32.5,0,32.5,100,32.5,2.303516535,32.5,0
32.7,4.308436483,32.7,24.83894429,32.7,6.952608376,32.7,100,32.7,100,32.7,0,32.7,0,32.7,0,32.7,0,32.7,0,32.7,0,32.7,0,32.7,100,32.7,2.230447603,32.7,0
32.9,4.278920756,32.9,24.70254195,32.9,6.842395298,32.9,100,32.9,100,32.9,0,32.9,0,32.9,0,32.9,0,32.9,0,32.9,0,32.9,0,32.9,100,32.9,2.148152795,32.9,0
33.1,4.249011008,33.1,24.5697632,33.1,6.603600294,33.1,100,33.1,100,33.1,0,33.1,0,33.1,0,33.1,0,33.1,0,33.1,0,33.1,0,33.1,100,33.1,2.067334128,33.1,0
33.3,4.220354962,33.3,24.43957273,33.3,6.465833946,33.3,100,33.3,100,33.3,0,33.3,0,33.3,0,33.3,0,33.3,0,33.3,0,33.3,0,33.3,100,33.3,1.985408356,33.3,0
33.5,4.190624315,33.5,24.29928796,33.5,6.346436444,33.5,100,33.5,100,33.5,0,33.5,0,33.5,0,33.5,0,33.5,0,33.5,0,33.5,0,33.5,100,33.5,1.902006443,33.5,0
33.7,4.161645889,33.7,24.1590032,33.7,6.171932403,33.7,100,33.7,100,33.7,0,33.7,0,33.7,0,33.7,0,33.7,0,33.7,0,33.7,0,33.7,100,33.7,1.813807076,33.7,0
33.9,4.131700321,33.9,24.01768313,33.9,6.089272594,33.9,100,33.9,100,33.9,0,33.9,0,33.9,0,33.9,0,33.9,0,33.9,0,33.9,0,33.9,100,33.9,1.737047794,33.9,0
34.1,4.101718933,34.1,23.87895133,34.1,5.942321822,34.1,100,34.1,100,34.1,0,34.1,0,34.1,0,34.1,0,34.1,0,34.1,0,34.1,0,34.1,100,34.1,1.666562107,34.1,0
34.3,4.072024105,34.3,23.73970188,34.3,5.804555474,34.3,100,34.3,100,34.3,0,34.3,0,34.3,0,34.3,0,34.3,0,34.3,0,34.3,0,34.3,100,34.3,1.597921595,34.3,0
34.5,4.044514301,34.5,23.60640547,34.5,5.675973549,34.5,100,34.5,100,34.5,0,34.5,0,34.5,0,34.5,0,34.5,0,34.5,0,34.5,0,34.5,100,34.5,1.530388188,34.5,0
34.7,4.015213495,34.7,23.46896782,34.7,5.529022777,34.7,100,34.7,100,34.7,0,34.7,0,34.7,0,34.7,0,34.7,0,34.7,0,34.7,0,34.7,100,34.7,1.468390306,34.7,0
34.9,3.98698729,34.9,23.3364479,34.9,5.372887583,34.9,100,34.9,100,34.9,0,34.9,0,34.9,0,34.9,0,34.9,0,34.9,0,34.9,0,34.9,100,34.9,1.417463475,34.9,0
35.1,3.958223784,35.1,23.19538665,35.1,5.253490081,35.1,100,35.1,100,35.1,0,35.1,0,35.1,0,35.1,0,35.1,0,35.1,0,35.1,0,35.1,100,35.1,1.354727523,35.1,0
35.3,3.932469162,35.3,23.07037274,35.3,5.161645849,35.3,100,35.3,100,35.3,0,35.3,0,35.3,0,35.3,0,35.3,0,35.3,0,35.3,0,35.3,100,35.3,1.304538762,35.3,0
35.5,3.904565338,35.5,22.93552336,35.5,5.060617193,35.5,100,35.5,100,35.5,0,35.5,0,35.5,0,35.5,0,35.5,0,35.5,0,35.5,0,35.5,100,35.5,1.24844544,35.5,0
35.7,3.877771935,35.7,22.80585055,35.7,4.913666422,35.7,100,35.7,100,35.7,0,35.7,0,35.7,0,35.7,0,35.7,0,35.7,0,35.7,0,35.7,100,35.7,1.190506943,35.7,0
35.9,3.851623293,35.9,22.67747187,35.9,4.79426892,35.9,100,35.9,100,35.9,0,35.9,0,35.9,0,35.9,0,35.9,0,35.9,0,35.9,0,35.9,100,35.9,1.131461342,35.9,0
36.1,3.826764174,36.1,22.55478741,36.1,4.592211609,36.1,100,36.1,100,36.1,0,36.1,0,36.1,0,36.1,0,36.1,0,36.1,0,36.1,0,36.1,100,36.1,1.08422486,36.1,0
36.3,3.799863311,36.3,22.41916155,36.3,4.491182954,36.3,100,36.3,100,36.3,0,36.3,0,36.3,0,36.3,0,36.3,0,36.3,0,36.3,0,36.3,100,36.3,1.031083819,36.3,0
36.5,3.773750489,36.5,22.28457101,36.5,4.380969875,36.5,100,36.5,100,36.5,0,36.5,0,36.5,0,36.5,0,36.5,0,36.5,0,36.5,0,36.5,100,36.5,0.974252427,36.5,0
36.7,3.748568989,36.7,22.15179225,36.7,4.298310066,36.7,100,36.7,100,36.7,0,36.7,0,36.7,0,36.7,0,36.7,0,36.7,0,36.7,0,36.7,100,36.7,0.922956561,36.7,0
36.9,3.722563627,36.9,22.01642522,36.9,4.178912564,36.9,100,36.9,100,36.9,0,36.9,0,36.9,0,36.9,0,36.9,0,36.9,0,36.9,0,36.9,100,36.9,0.865756134,36.9,0
37.1,3.696809006,37.1,21.88338764,37.1,4.050330639,37.1,100,37.1,100,37.1,0,37.1,0,37.1,0,37.1,0,37.1,0,37.1,0,37.1,0,37.1,100,37.1,0.804865358,37.1,0
37.3,3.673275228,37.3,21.76432678,37.3,3.921748714,37.3,100,37.3,100,37.3,0,37.3,0,37.3,0,37.3,0,37.3,0,37.3,0,37.3,0,37.3,100,37.3,0.755783701,37.3,0
37.5,3.647914628,37.5,21.63025388,37.5,3.820720059,37.5,100,37.5,100,37.5,0,37.5,0,37.5,0,37.5,0,37.5,0,37.5,0,37.5,0,37.5,100,37.5,0.692309679,37.5,0
37.7,3.621085405,37.7,21.49048678,37.7,3.701322557,37.7,100,37.7,100,37.7,0,37.7,0,37.7,0,37.7,0,37.7,0,37.7,0,37.7,0,37.7,100,37.7,0.632895043,37.7,0
37.9,3.596477026,37.9,21.36650818,37.9,3.609478325,37.9,100,37.9,100,37.9,0,37.9,0,37.9,0,37.9,0,37.9,0,37.9,0,37.9,0,37.9,100,37.9,0.577908826,37.9,0
38.1,3.571725366,38.1,21.24252958,38.1,3.508449669,38.1,100,38.1,100,38.1,0,38.1,0,38.1,0,38.1,0,38.1,0,38.1,0,38.1,0,38.1,100,38.1,0.521077435,38.1,0
38.3,3.548370689,38.3,21.11958629,38.3,3.398236591,38.3,100,38.3,100,38.3,0,38.3,0,38.3,0,38.3,0,38.3,0,38.3,0,38.3,0,38.3,100,38.3,0.461293763,38.3,0
38.5,3.525195112,38.5,21.00233722,38.5,3.251285819,38.5,100,38.5,100,38.5,0,38.5,0,38.5,0,38.5,0,38.5,0,38.5,0,38.5,0,38.5,100,38.5,0.407783686,38.5,0
38.7,3.501482234,38.7,20.88224104,38.7,3.159441587,38.7,100,38.7,100,38.7,0,38.7,0,38.7,0,38.7,0,38.7,0,38.7,0,38.7,0,38.7,100,38.7,0.35722589,38.7,0
38.9,3.476014173,38.9,20.75386236,38.9,3.067597355,38.9,100,38.9,100,38.9,0,38.9,0,38.9,0,38.9,0,38.9,0,38.9,0,38.9,0,38.9,100,38.9,0.307775199,38.9,0
39.1,3.453196797,39.1,20.64075454,39.1,2.948199853,39.1,100,39.1,100,39.1,0,39.1,0,39.1,0,39.1,0,39.1,0,39.1,0,39.1,0,39.1,100,39.1,0.260907752,39.1,0
39.3,3.428982438,39.3,20.51470531,39.3,2.874724467,39.3,100,39.3,100,39.3,0,39.3,0,39.3,0,39.3,0,39.3,0,39.3,0,39.3,0,39.3,100,39.3,0.215147411,39.3,0
39.5,3.405914321,39.5,20.39875038,39.5,2.764511389,39.5,100,39.5,100,39.5,0,39.5,0,39.5,0,39.5,0,39.5,0,39.5,0,39.5,0,39.5,100,39.5,0.182303295,39.5,0
39.7,3.382344724,39.7,20.28383076,39.7,2.635929464,39.7,100,39.7,100,39.7,0,39.7,0,39.7,0,39.7,0,39.7,0,39.7,0,39.7,0,39.7,100,39.7,0.146875934,39.7,0
39.9,3.358381105,39.9,20.16502872,39.9,2.544085231,39.9,100,39.9,100,39.9,0,39.9,0,39.9,0,39.9,0,39.9,0,39.9,0,39.9,0,39.9,100,39.9,0.120674448,39.9,0
40.1,3.33606521,40.1,20.05269738,40.1,2.488978692,40.1,100,40.1,100,40.1,0,40.1,0,40.1,0,40.1,0,40.1,0,40.1,0,40.1,0,40.1,100,40.1,0.097425243,40.1,0
40.3,3.312817993,40.3,19.93467182,40.3,2.378765614,40.3,100,40.3,100,40.3,0,40.3,0,40.3,0,40.3,0,40.3,0,40.3,0,40.3,0,40.3,100,40.3,0.076390247,40.3,0
40.5,3.29222146,40.5,19.82984649,40.5,2.296105805,40.5,100,40.5,100,40.5,0,40.5,0,40.5,0,40.5,0,40.5,0,40.5,0,40.5,0,40.5,100,40.5,0.062366917,40.5,0
40.7,3.269798104,40.7,19.7180328,40.7,2.222630419,40.7,100,40.7,100,40.7,0,40.7,0,40.7,0,40.7,0,40.7,0,40.7,0,40.7,0,40.7,100,40.7,0.047236481,40.7,0
40.9,3.247553848,40.9,19.60777209,40.9,2.103232917,40.9,100,40.9,100,40.9,0,40.9,0,40.9,0,40.9,0,40.9,0,40.9,0,40.9,0,40.9,100,40.9,0.035427361,40.9,0
41.1,3.226634935,41.1,19.5024291,41.1,2.029757531,41.1,100,41.1,100,41.1,0,41.1,0,41.1,0,41.1,0,41.1,0,41.1,0,41.1,0,41.1,100,41.1,0.024356311,41.1,0
41.3,3.206324962,41.3,19.39915674,41.3,1.956282145,41.3,100,41.3,100,41.3,0,41.3,0,41.3,0,41.3,0,41.3,0,41.3,0,41.3,0,41.3,100,41.3,0.017344645,41.3,0
41.5,3.18590753,41.5,19.297955,41.5,1.891991183,41.5,100,41.5,100,41.5,0,41.5,0,41.5,0,41.5,0,41.5,0,41.5,0,41.5,0,41.5,100,41.5,0.01180912,41.5,0
41.7,3.166743799,41.7,19.20322396,41.7,1.818515797,41.7,100,41.7,100,41.7,0,41.7,0,41.7,0,41.7,0,41.7,0,41.7,0,41.7,0,41.7,100,41.7,7.01E-03,41.7,0
41.9,3.147114408,41.9,19.10926941,41.9,1.745040411,41.9,100,41.9,100,41.9,0,41.9,0,41.9,0,41.9,0,41.9,0,41.9,0,41.9,0,41.9,100,41.9,4.80E-03,41.9,0
42.1,3.127520837,42.1,19.01350306,42.1,1.644011756,42.1,100,42.1,100,42.1,0,42.1,0,42.1,0,42.1,0,42.1,0,42.1,0,42.1,0,42.1,100,42.1,1.48E-03,42.1,0
42.3,3.109969008,42.3,18.92679568,42.3,1.59808964,42.3,100,42.3,100,42.3,0,42.3,0,42.3,0,42.3,0,42.3,0,42.3,0,42.3,0,42.3,100,42.3,7.38E-04,42.3,0
42.5,3.091199298,42.5,18.8325823,42.5,1.533798677,42.5,100,42.5,100,42.5,0,42.5,0,42.5,0,42.5,0,42.5,0,42.5,0,42.5,0,42.5,100,42.5,0,42.5,0
42.7,3.07361165,42.7,18.74380431,42.7,1.460323292,42.7,100,42.7,100,42.7,0,42.7,0,42.7,0,42.7,0,42.7,0,42.7,0,42.7,0,42.7,100,42.7,0,42.7,0
42.9,3.055773262,42.9,18.65295569,42.9,1.423585599,42.9,100,42.9,100,42.9,0,42.9,0,42.9,0,42.9,0,42.9,0,42.9,0,42.9,0,42.9,100,42.9,0,42.9,0
43.1,3.037684133,43.1,18.56676597,43.1,1.359294636,43.1,100,43.1,100,43.1,0,43.1,0,43.1,0,43.1,0,43.1,0,43.1,0,43.1,0,43.1,100,43.1,0,43.1,0
43.3,3.019666644,43.3,18.47669383,43.3,1.276634827,43.3,100,43.3,100,43.3,0,43.3,0,43.3,0,43.3,0,43.3,0,43.3,0,43.3,0,43.3,100,43.3,0,43.3,0
43.5,3.002329736,43.5,18.38791584,43.5,1.230712711,43.5,100,43.5,100,43.5,0,43.5,0,43.5,0,43.5,0,43.5,0,43.5,0,43.5,0,43.5,100,43.5,0,43.5,0
43.7,2.986640551,43.7,18.31233807,43.7,1.166421749,43.7,100,43.7,100,43.7,0,43.7,0,43.7,0,43.7,0,43.7,0,43.7,0,43.7,0,43.7,100,43.7,0,43.7,0
43.9,2.969411104,43.9,18.22718367,43.9,1.120499633,43.9,100,43.9,100,43.9,0,43.9,0,43.9,0,43.9,0,43.9,0,43.9,0,43.9,0,43.9,100,43.9,0,43.9,0
44.1,2.9542234,44.1,18.15497066,44.1,1.065393093,44.1,100,44.1,100,44.1,0,44.1,0,44.1,0,44.1,0,44.1,0,44.1,0,44.1,0,44.1,100,44.1,0,44.1,0
44.3,2.938068554,44.3,18.07809875,44.3,1.010286554,44.3,100,44.3,100,44.3,0,44.3,0,44.3,0,44.3,0,44.3,0,44.3,0,44.3,0,44.3,100,44.3,0,44.3,0
44.5,2.922665929,44.5,18.00485044,44.5,0.945995591,44.5,100,44.5,100,44.5,0,44.5,0,44.5,0,44.5,0,44.5,0,44.5,0,44.5,0,44.5,100,44.5,0,44.5,0
44.7,2.907943886,44.7,17.9323786,44.7,0.927626745,44.7,100,44.7,100,44.7,0,44.7,0,44.7,0,44.7,0,44.7,0,44.7,0,44.7,0,44.7,100,44.7,0,44.7,0
44.9,2.892720361,44.9,17.85731849,44.9,0.872520206,44.9,100,44.9,100,44.9,0,44.9,0,44.9,0,44.9,0,44.9,0,44.9,0,44.9,0,44.9,100,44.9,0,44.9,0
45.1,2.876959536,45.1,17.7796701,45.1,0.817413666,45.1,100,45.1,100,45.1,0,45.1,0,45.1,0,45.1,0,45.1,0,45.1,0,45.1,0,45.1,100,45.1,0,45.1,0
45.3,2.861771832,45.3,17.70538647,45.3,0.77149155,45.3,100,45.3,100,45.3,0,45.3,0,45.3,0,45.3,0,45.3,0,45.3,0,45.3,0,45.3,100,45.3,0,45.3,0
45.5,2.846512488,45.5,17.63291464,45.5,0.734753857,45.5,100,45.5,100,45.5,0,45.5,0,45.5,0,45.5,0,45.5,0,45.5,0,45.5,0,45.5,100,45.5,0,45.5,0
45.7,2.831682984,45.7,17.56251343,45.7,0.679647318,45.7,100,45.7,100,45.7,0,45.7,0,45.7,0,45.7,0,45.7,0,45.7,0,45.7,0,45.7,100,45.7,0,45.7,0
45.9,2.81663856,45.9,17.48926511,45.9,0.624540779,45.9,100,45.9,100,45.9,0,45.9,0,45.9,0,45.9,0,45.9,0,45.9,0,45.9,0,45.9,100,45.9,0,45.9,0
46.1,2.801594136,46.1,17.42300515,46.1,0.587803086,46.1,100,46.1,100,46.1,0,46.1,0,46.1,0,46.1,0,46.1,0,46.1,0,46.1,0,46.1,100,46.1,0,46.1,0
46.3,2.786513892,46.3,17.35338042,46.3,0.56943424,46.3,100,46.3,100,46.3,0,46.3,0,46.3,0,46.3,0,46.3,0,46.3,0,46.3,0,46.3,100,46.3,0,46.3,0
46.5,2.771720208,46.5,17.28013211,46.5,0.551065393,46.5,100,46.5,100,46.5,0,46.5,0,46.5,0,46.5,0,46.5,0,46.5,0,46.5,0,46.5,100,46.5,0,46.5,0
46.7,2.757320545,46.7,17.20740144,46.7,0.495958854,46.7,100,46.7,100,46.7,0,46.7,0,46.7,0,46.7,0,46.7,0,46.7,0,46.7,0,46.7,100,46.7,0,46.7,0
46.9,2.742920882,46.9,17.13596492,46.9,0.450036738,46.9,100,46.9,100,46.9,0,46.9,0,46.9,0,46.9,0,46.9,0,46.9,0,46.9,0,46.9,100,46.9,0,46.9,0
47.1,2.726945137,47.1,17.06038715,47.1,0.422483468,47.1,100,47.1,100,47.1,0,47.1,0,47.1,0,47.1,0,47.1,0,47.1,0,47.1,0,47.1,100,47.1,0,47.1,0
47.3,2.712939494,47.3,16.99179774,47.3,0.404114622,47.3,100,47.3,100,47.3,0,47.3,0,47.3,0,47.3,0,47.3,0,47.3,0,47.3,0,47.3,100,47.3,0,47.3,0
47.5,2.698289091,47.5,16.92346716,47.5,0.367376929,47.5,100,47.5,100,47.5,0,47.5,0,47.5,0,47.5,0,47.5,0,47.5,0,47.5,0,47.5,100,47.5,0,47.5,0
47.7,2.682313345,47.7,16.84944236,47.7,0.330639236,47.7,100,47.7,100,47.7,0,47.7,0,47.7,0,47.7,0,47.7,0,47.7,0,47.7,0,47.7,100,47.7,0,47.7,0
47.9,2.668343523,47.9,16.78162943,47.9,0.312270389,47.9,100,47.9,100,47.9,0,47.9,0,47.9,0,47.9,0,47.9,0,47.9,0,47.9,0,47.9,100,47.9,0,47.9,0
48.1,2.654588621,48.1,16.71355767,48.1,0.275532697,48.1,100,48.1,100,48.1,0,48.1,0,48.1,0,48.1,0,48.1,0,48.1,0,48.1,0,48.1,100,48.1,0,48.1,0
48.3,2.640690439,48.3,16.65014481,48.3,0.25716385,48.3,100,48.3,100,48.3,0,48.3,0,48.3,0,48.3,0,48.3,0,48.3,0,48.3,0,48.3,100,48.3,0,48.3,0
48.5,2.626792257,48.5,16.58052009,48.5,0.22961058,48.5,100,48.5,100,48.5,0,48.5,0,48.5,0,48.5,0,48.5,0,48.5,0,48.5,0,48.5,100,48.5,0,48.5,0
48.7,2.612392594,48.7,16.50830708,48.7,0.220426157,48.7,100,48.7,100,48.7,0,48.7,0,48.7,0,48.7,0,48.7,0,48.7,0,48.7,0,48.7,100,48.7,0,48.7,0
48.9,2.597097429,48.9,16.43531759,48.9,0.220426157,48.9,100,48.9,100,48.9,0,48.9,0,48.9,0,48.9,0,48.9,0,48.9,0,48.9,0,48.9,100,48.9,0,48.9,0
49.1,2.581623164,49.1,16.36362225,49.1,0.174504041,49.1,100,49.1,100,49.1,0,49.1,0,49.1,0,49.1,0,49.1,0,49.1,0,49.1,0,49.1,100,49.1,0,49.1,0
49.3,2.565898159,49.3,16.2883033,49.3,0.146950771,49.3,100,49.3,100,49.3,0,49.3,0,49.3,0,49.3,0,49.3,0,49.3,0,49.3,0,49.3,100,49.3,0,49.3,0
49.5,2.552501458,49.5,16.22307866,49.5,0.137766348,49.5,100,49.5,100,49.5,0,49.5,0,49.5,0,49.5,0,49.5,0,49.5,0,49.5,0,49.5,100,49.5,0,49.5,0
49.7,2.538173435,49.7,16.15371276,49.7,0.128581925,49.7,100,49.7,100,49.7,0,49.7,0,49.7,0,49.7,0,49.7,0,49.7,0,49.7,0,49.7,100,49.7,0,49.7,0
49.9,2.523845412,49.9,16.08020561,49.9,0.110213079,49.9,100,49.9,100,49.9,0,49.9,0,49.9,0,49.9,0,49.9,0,49.9,0,49.9,0,49.9,100,49.9,0,49.9,0
50.1,2.510484531,50.1,16.01601628,50.1,0.101028655,50.1,100,50.1,100,50.1,0,50.1,0,50.1,0,50.1,0,50.1,0,50.1,0,50.1,0,50.1,100,50.1,0,50.1,0
50.3,2.494508785,50.3,15.93733257,50.3,0.101028655,50.3,100,50.3,100,50.3,0,50.3,0,50.3,0,50.3,0,50.3,0,50.3,0,50.3,0,50.3,100,50.3,0,50.3,0
50.5,2.47889124,50.5,15.8635666,50.5,0.073475386,50.5,100,50.5,100,50.5,0,50.5,0,50.5,0,50.5,0,50.5,0,50.5,0,50.5,0,50.5,100,50.5,0,50.5,0
50.7,2.464061737,50.7,15.79316539,50.7,0.055106539,50.7,100,50.7,100,50.7,0,50.7,0,50.7,0,50.7,0,50.7,0,50.7,0,50.7,0,50.7,100,50.7,0,50.7,0
50.9,2.448802392,50.9,15.71344637,50.9,0.055106539,50.9,100,50.9,100,50.9,0,50.9,0,50.9,0,50.9,0,50.9,0,50.9,0,50.9,0,50.9,100,50.9,0,50.9,0
51.1,2.433972888,51.1,15.6378686,51.1,0.045922116,51.1,100,51.1,100,51.1,0,51.1,0,51.1,0,51.1,0,51.1,0,51.1,0,51.1,0,51.1,100,51.1,0,51.1,0
51.3,2.418713544,51.3,15.55944373,51.3,0.045922116,51.3,100,51.3,100,51.3,0,51.3,0,51.3,0,51.3,0,51.3,0,51.3,0,51.3,0,51.3,100,51.3,0,51.3,0
51.5,2.40356166,51.5,15.48179533,51.5,0.036737693,51.5,100,51.5,100,51.5,0,51.5,0,51.5,0,51.5,0,51.5,0,51.5,0,51.5,0,51.5,100,51.5,0,51.5,0
51.7,2.387979935,51.7,15.40337046,51.7,0.02755327,51.7,100,51.7,100,51.7,0,51.7,0,51.7,0,51.7,0,51.7,0,51.7,0,51.7,0,51.7,100,51.7,0,51.7,0
51.9,2.371502709,51.9,15.31821605,51.9,0.018368846,51.9,100,51.9,100,51.9,0,51.9,0,51.9,0,51.9,0,51.9,0,51.9,0,51.9,0,51.9,99.99772892,51.9,0,51.9,0
52.1,2.354810562,52.1,15.23901469,52.1,0.018368846,52.1,100,52.1,100,52.1,0,52.1,0,52.1,0,52.1,0,52.1,0,52.1,0,52.1,0,52.1,99.99545785,52.1,0,52.1,0
52.3,2.339873598,52.3,15.16110747,52.3,0.009184423,52.3,100,52.3,100,52.3,0,52.3,0,52.3,0,52.3,0,52.3,0,52.3,0,52.3,0,52.3,99.99545785,52.3,0,52.3,0
52.5,2.324256053,52.5,15.08061197,52.5,0.009184423,52.5,100,52.5,100,52.5,0,52.5,0,52.5,0,52.5,0,52.5,0,52.5,0,52.5,0,52.5,99.99545785,52.5,0,52.5,0
52.7,2.308280308,52.7,14.99675171,52.7,0,52.7,100,52.7,100,52.7,0,52.7,0,52.7,0,52.7,0,52.7,0,52.7,0,52.7,0,52.7,99.99545785,52.7,0,52.7,0
52.9,2.291695621,52.9,14.90797371,52.9,0,52.9,100,52.9,100,52.9,0,52.9,0,52.9,0,52.9,0,52.9,0,52.9,0,52.9,0,52.9,99.99318677,52.9,0,52.9,0
53.1,2.275146755,53.1,14.82307814,53.1,0,53.1,100,53.1,100,53.1,0,53.1,0,53.1,0,53.1,0,53.1,0,53.1,0,53.1,0,53.1,99.98864462,53.1,0,53.1,0
53.3,2.257666567,53.3,14.73274717,53.3,0,53.3,100,53.3,100,53.3,0,53.3,0,53.3,0,53.3,0,53.3,0,53.3,0,53.3,0,53.3,99.98410247,53.3,0,53.3,0
53.5,2.2407595,53.5,14.64008676,53.5,0,53.5,100,53.5,100,53.5,0,53.5,0,53.5,0,53.5,0,53.5,0,53.5,0,53.5,0,53.5,99.97956032,53.5,0,53.5,0
53.7,2.224425554,53.7,14.55777946,53.7,0,53.7,100,53.7,100,53.7,0,53.7,0,53.7,0,53.7,0,53.7,0,53.7,0,53.7,0,53.7,99.97501817,53.7,0,53.7,0
53.9,2.207052826,53.9,14.46589553,53.9,0,53.9,100,53.9,100,53.9,0,53.9,0,53.9,0,53.9,0,53.9,0,53.9,0,53.9,0,53.9,99.96820494,53.9,0,53.9,0
54.1,2.1907547,54.1,14.37789402,54.1,0,54.1,100,54.1,100,54.1,0,54.1,0,54.1,0,54.1,0,54.1,0,54.1,0,54.1,0,54.1,99.96820494,54.1,0,54.1,0
54.3,2.173310332,54.3,14.28497478,54.3,0,54.3,100,54.3,100,54.3,0,54.3,0,54.3,0,54.3,0,54.3,0,54.3,0,54.3,0,54.3,99.96139172,54.3,0,54.3,0
54.5,2.155042103,54.5,14.18817311,54.5,0,54.5,100,54.5,100,54.5,0,54.5,0,54.5,0,54.5,0,54.5,0,54.5,0,54.5,0,54.5,99.94776526,54.5,0,54.5,0
54.7,2.137526095,54.7,14.09111262,54.7,0,54.7,100,54.7,100,54.7,0,54.7,0,54.7,0,54.7,0,54.7,0,54.7,0,54.7,0,54.7,99.94322311,54.7,0,54.7,0
54.9,2.120439928,54.9,13.99974635,54.9,0,54.9,100,54.9,100,54.9,0,54.9,0,54.9,0,54.9,0,54.9,0,54.9,0,54.9,0,54.9,99.93640988,54.9,0,54.9,0
55.1,2.101383657,55.1,13.89828578,55.1,0,55.1,100,55.1,100,55.1,0,55.1,0,55.1,0,55.1,0,55.1,0,55.1,0,55.1,0,55.1,99.92505451,55.1,0,55.1,0
55.3,2.08454823,55.3,13.81416669,55.3,0,55.3,100,55.3,100,55.3,0,55.3,0,55.3,0,55.3,0,55.3,0,55.3,0,55.3,0,55.3,99.92051235,55.3,0,55.3,0
55.5,2.069682907,55.5,13.73729478,55.5,0,55.5,100,55.5,100,55.5,0,55.5,0,55.5,0,55.5,0,55.5,0,55.5,0,55.5,0,55.5,99.91369913,55.5,0,55.5,0
55.7,2.05313404,55.7,13.64981093,55.7,0,55.7,100,55.7,100,55.7,0,55.7,0,55.7,0,55.7,0,55.7,0,55.7,0,55.7,0,55.7,99.90007267,55.7,0,55.7,0
55.9,2.037337395,55.9,13.56569183,55.9,0,55.9,100,55.9,100,55.9,0,55.9,0,55.9,0,55.9,0,55.9,0,55.9,0,55.9,0,55.9,99.88644622,55.9,0,55.9,0
56.1,2.021039269,56.1,13.47976095,56.1,0,56.1,100,56.1,100,56.1,0,56.1,0,56.1,0,56.1,0,56.1,0,56.1,0,56.1,0,56.1,99.87509084,56.1,0,56.1,0
56.3,2.00302178,56.3,13.38580639,56.3,0,56.3,100,56.3,100,56.3,0,56.3,0,56.3,0,56.3,0,56.3,0,56.3,0,56.3,0,56.3,99.86600654,56.3,0,56.3,0
56.5,1.986222173,56.5,13.2998755,56.5,0,56.5,100,56.5,100,56.5,0,56.5,0,56.5,0,56.5,0,56.5,0,56.5,0,56.5,0,56.5,99.85238009,56.5,0,56.5,0
56.7,1.968849445,56.7,13.20669743,56.7,0,56.7,100,56.7,100,56.7,0,56.7,0,56.7,0,56.7,0,56.7,0,56.7,0,56.7,0,56.7,99.84329578,56.7,0,56.7,0
56.9,1.950652856,56.9,13.11170757,56.9,0,56.9,100,56.9,100,56.9,0,56.9,0,56.9,0,56.9,0,56.9,0,56.9,0,56.9,0,56.9,99.8137718,56.9,0,56.9,0
57.1,1.932599548,57.1,13.0149059,57.1,0,57.1,100,57.1,100,57.1,0,57.1,0,57.1,0,57.1,0,57.1,0,57.1,0,57.1,0,57.1,99.81150073,57.1,0,57.1,0
57.3,1.914546239,57.3,12.90956292,57.3,0,57.3,100,57.3,100,57.3,0,57.3,0,57.3,0,57.3,0,57.3,0,57.3,0,57.3,0,57.3,99.77062137,57.3,0,57.3,0
57.5,1.893519865,57.5,12.79567861,57.5,0,57.5,100,57.5,100,57.5,0,57.5,0,57.5,0,57.5,0,57.5,0,57.5,0,57.5,0,57.5,99.74336846,57.5,0,57.5,0
57.7,1.872815872,57.7,12.67946485,57.7,0,57.7,100,57.7,100,57.7,0,57.7,0,57.7,0,57.7,0,57.7,0,57.7,0,57.7,0,57.7,99.69567587,57.7,0,57.7,0
57.9,1.852685,57.9,12.56868647,57.9,0,57.9,100,57.9,100,57.9,0,57.9,0,57.9,0,57.9,0,57.9,0,57.9,0,57.9,0,57.9,99.63435683,57.9,0,57.9,0
58.1,1.830906405,58.1,12.44729615,58.1,0,58.1,100,58.1,100,58.1,0,58.1,0,58.1,0,58.1,0,58.1,0,58.1,0,58.1,0,58.1,99.54351381,58.1,0,58.1,0
58.3,1.807981568,58.3,12.32176459,58.3,0,58.3,100,58.3,100,58.3,0,58.3,0,58.3,0,58.3,0,58.3,0,58.3,0,58.3,0,58.3,99.39135174,58.3,0,58.3,0
58.5,1.784268691,58.5,12.18510341,58.5,0,58.5,100,58.5,100,58.5,0,58.5,0,58.5,0,58.5,0,58.5,0,58.5,0,58.5,0,58.5,99.25735828,58.5,0,58.5,0
58.7,1.75905137,58.7,12.04041858,58.7,0,58.7,100,58.7,100,58.7,0,58.7,0,58.7,0,58.7,0,58.7,0,58.7,0,58.7,0,58.7,99.03479288,58.7,0,58.7,0
58.9,1.734622091,58.9,11.89625139,58.9,0,58.9,100,58.9,100,58.9,0,58.9,0,58.9,0,58.9,0,58.9,0,58.9,0,58.9,0,58.9,98.75317951,58.9,0,58.9,0
59.1,1.707076467,59.1,11.73577805,59.1,0,59.1,100,59.1,100,59.1,0,59.1,0,59.1,0,59.1,0,59.1,0,59.1,0,59.1,0,59.1,98.3262173,59.1,0,59.1,0
59.3,1.677166719,59.3,11.55925737,59.3,0,59.3,100,59.3,100,59.3,0,59.3,0,59.3,0,59.3,0,59.3,0,59.3,0,59.3,0,59.3,97.72211119,59.3,0,59.3,0
59.5,1.639340739,59.5,11.32631219,59.5,0,59.5,100,59.5,100,59.5,0,59.5,0,59.5,0,59.5,0,59.5,0,59.5,0,59.5,0,59.5,96.60019985,59.5,0,59.5,0
59.7,1.595353709,59.7,11.04626032,59.7,0,59.7,100,59.7,100,59.7,0,59.7,0,59.7,0,59.7,0,59.7,0,59.7,0,59.7,0,59.7,95.05813953,59.7,0,59.7,0
59.9,1.551581599,59.9,10.76905556,59.9,0,59.9,100,59.9,100,59.9,0,59.9,0,59.9,0,59.9,0,59.9,0,59.9,0,59.9,0,59.9,93.46838663,59.9,0,59.9,0
60.1,1.500896218,60.1,10.44215583,60.1,0,60.1,99.85182136,60.1,100,60.1,0,60.1,0,60.1,0,60.1,0,60.1,0,60.1,0,60.1,0,60.1,91.34720203,60.1,0,60.1,0
60.3,1.423811455,60.3,9.928899955,60.3,0,60.3,98.50998148,60.3,100,60.3,0,60.3,0,60.3,0,60.3,0,60.3,0,60.3,0,60.3,0,60.3,87.48637355,60.3,0,60.3,0
60.5,1.293032426,60.5,9.02326087,60.5,0,60.5,91.51265693,60.5,99.18144611,60.5,0,60.5,0,60.5,0,60.5,0,60.5,0,60.5,0,60.5,0,60.5,79.92142078,60.5,0,60.5,0
60.7,1.0642139,60.7,7.41775094,60.7,0,60.7,75.11833711,60.7,83.66302865,60.7,0,60.7,0,60.7,0,60.7,0,60.7,0,60.7,0,60.7,0,60.7,66.07467297,60.7,0,60.7,0
60.9,0.78839946,60.9,5.472141051,60.9,0,60.9,53.69417576,60.9,41.78035471,60.9,0,60.9,0,60.9,0,60.9,0,60.9,0,60.9,0,60.9,0,60.9,49.07567224,60.9,0,60.9,0
61.1,0.556070568,61.1,3.87957252,61.1,0,61.1,37.09405227,61.1,16.60982265,61.1,0,61.1,0,61.1,0,61.1,0,61.1,0,61.1,0,61.1,0,61.1,34.7837936,61.1,0,61.1,0
61.3,0.333986214,61.3,2.359216994,61.3,0,61.3,21.37888454,61.3,4.160982265,61.3,0,61.3,0,61.3,0,61.3,0,61.3,0,61.3,0,61.3,0,61.3,20.96656977,61.3,0,61.3,0
61.5,0.14399663,61.5,1.035311901,61.5,0,61.5,7.758798107,61.5,0.306957708,61.5,0,61.5,0,61.5,0,61.5,0,61.5,0,61.5,0,61.5,0,61.5,9.06159157,61.5,0,61.5,0
61.7,0.043163169,61.7,0.311370054,61.7,0,61.7,1.720518625,61.7,0,61.7,0,61.7,0,61.7,0,61.7,0,61.7,0,61.7,0,61.7,0,61.7,2.702579942,61.7,0,61.7,0
61.9,0.007665492,61.9,0.055389187,61.9,0,61.9,0.218151883,61.9,0,61.9,0,61.9,0,61.9,0,61.9,0,61.9,0,61.9,0,61.9,0,61.9,0.474654797,61.9,0,61.9,0
62.1,0.001862643,62.1,0.013459055,62.1,0,62.1,8.23E-03,62.1,0,62.1,0,62.1,0,62.1,0,62.1,0,62.1,0,62.1,0,62.1,0,62.1,0.115824855,62.1,0,62.1,0
62.3,0.00025074,62.3,0.001811796,62.3,0,62.3,0,62.3,0,62.3,0,62.3,0,62.3,0,62.3,0,62.3,0,62.3,0,62.3,0,62.3,0.015897529,62.3,0,62.3,0
62.5,0,62.5,0,62.5,0,62.5,0,62.5,0,62.5,0,62.5,0,62.5,0,62.5,0,62.5,0,62.5,0,62.5,0,62.5,0,62.5,0,62.5,0
